date,VRP(A) ,VRP(E) ,VRP(N),Mktrf,Correlations,Beta,Beta(WLS)
12/31/2016,0.000838,0.001334,0.000987,0.0182,-0.47913,-8.5515,-8.5514
11/30/2016,0.001358,0.001065,0.001454,0.0486,0.22432,2.6278,1.418
10/31/2016,0.001174,0.001679,0.001345,-0.0202,-0.60276,-7.9971,-8.6508
9/30/2016,0.001022,0.000722,0.001115,0.0025,-0.3702,-9.0559,-8.7941
8/31/2016,0.000501,0.000916,0.001124,0.005,-0.47798,-6.4919,-7.7568
7/31/2016,0.000325,0.000104,0.001074,0.0395,-0.15264,-4.8683,-4.0099
6/30/2016,0.001577,0.000752,0.002017,-0.0005,-0.71648,-8.703,-8.4584
5/31/2016,0.000668,0.000559,0.001244,0.0178,-0.3564,-6.5357,-9.7084
4/30/2016,0.000567,0.000919,0.001161,0.0092,-0.31937,-9.0846,-6.1846
3/31/2016,0.000929,0.000477,0.001479,0.0696,-0.21137,-4.1741,-3.7881
2/29/2016,0.002844,0.002306,0.001922,-0.0007,-0.31718,-2.5488,-2.4742
1/31/2016,0.003297,0.001814,0.001313,-0.0577,-0.42666,-3.7671,-3.3769
12/31/2015,0.001653,0.001688,0.001653,-0.0217,-0.27567,-5.1375,-7.3059
11/30/2015,0.001229,0.001199,0.001503,0.0056,-0.2268,-6.1669,-1.4386
10/31/2015,0.001402,0.000925,0.001482,0.0775,0.26154,3.8765,5.6154
9/30/2015,0.004122,0.003979,0.003039,-0.0308,-0.38008,-4.9711,-5.1825
8/31/2015,0.002326,0.00471,0.000212,-0.0604,-0.25649,-0.3629,-0.2309
7/31/2015,0.000973,0.000319,0.001245,0.0154,-0.28712,-5.8598,-10.7812
6/30/2015,0.001049,0.002048,0.001236,-0.0153,-0.38125,-10.3909,-7.6323
5/31/2015,0.000847,0.000971,0.000971,0.0136,-0.6793,-14.4622,-15.1999
4/30/2015,0.000905,0.001086,0.000969,0.0059,-0.63955,-11.125,-13.0733
3/31/2015,0.001156,0.001336,0.001215,-0.0112,-0.16215,-2.2037,-2.1019
2/28/2015,0.001618,0.000936,0.001379,0.0613,-0.16666,-1.969,-6.6183
1/31/2015,0.00241,0.003075,0.001448,-0.0311,-0.57106,-10.7232,-8.9979
12/31/2014,0.001624,0.002666,0.001476,-0.0006,-0.38263,-5.8044,-10.2002
11/30/2014,0.001137,0.000918,0.001096,0.0255,-0.50208,-10.9834,-10.138
10/31/2014,0.002171,0.001398,0.001163,0.0252,-0.42452,-2.8063,-2.9718
9/30/2014,0.000983,0.001609,0.001069,-0.0197,-0.41938,-14.4023,-12.9353
8/31/2014,0.001101,0.000756,0.001108,0.0424,-0.681,-11.5482,-12.7699
7/31/2014,0.000852,0.002007,0.000963,-0.0204,-0.72424,-20.3168,-19.1272
6/30/2014,0.000658,0.000656,0.000858,0.0261,-0.2753,-9.0799,-6.2507
5/31/2014,0.000806,0.000666,0.000889,0.0206,-0.40579,-9.5791,-13.2753
4/30/2014,0.001131,0.000982,0.000948,-0.0019,-0.57738,-10.8463,-11.4253
3/31/2014,0.001246,0.001013,0.001109,0.0043,-0.53551,-10.4094,-9.8569
2/28/2014,0.001502,0.001103,0.001279,0.0465,-0.67076,-15.7864,-11.3783
1/31/2014,0.001179,0.002241,0.001097,-0.0332,-0.67927,-13.101,-14.8147
12/31/2013,0.001152,0.001138,0.001203,0.0281,0.39395,3.0022,1.9676
11/30/2013,0.000861,0.001102,0.000976,0.0312,-0.58005,-15.4549,-11.3968
10/31/2013,0.001452,0.001049,0.001569,0.0418,-0.56133,-15.3006,-13.6501
9/30/2013,0.001206,0.001748,0.001196,0.0377,0.09975,0.905,0.9081
8/31/2013,0.001067,0.001819,0.001257,-0.0271,-0.6102,-12.3065,-14.1207
7/31/2013,0.001127,0.000888,0.001262,0.0565,-0.03628,-0.8156,-2.9695
6/30/2013,0.001783,0.001721,0.001115,-0.012,-0.71881,-12.1041,-12.2548
5/31/2013,0.000885,0.00157,0.00091,0.028,-0.49535,-7.5928,-7.7046
4/30/2013,0.001,0.000863,0.000991,0.0155,-0.76844,-15.2755,-15.3346
3/31/2013,0.000794,0.000716,0.000876,0.0403,-0.57647,-9.0177,-9.7482
2/28/2013,0.001124,0.001364,0.001045,0.0129,-0.59949,-16.8514,-16.4995
1/31/2013,0.000868,0.001168,0.001101,0.0557,0.82181,10.9431,10.4719
12/31/2012,0.001851,0.001961,0.001665,0.0118,0.17801,2.5112,2.4363
11/30/2012,0.001504,0.001352,0.001292,0.0078,-0.47848,-6.9638,-6.0155
10/31/2012,0.0016,0.002061,0.001479,-0.0176,-0.39959,-7.9014,-8.0224
9/30/2012,0.001445,0.001467,0.001272,0.0273,0.36189,5.0831,3.9662
8/31/2012,0.001317,0.00211,0.001629,0.0255,-0.22178,-2.9069,-4.2487
7/31/2012,0.001186,0.002054,0.001583,0.0079,-0.1768,-2.6963,-5.3063
6/30/2012,0.002049,0.000622,0.002513,0.0389,-0.33887,-6.8119,-6.8438
5/31/2012,0.002153,0.003195,0.002537,-0.0619,-0.26284,-4.1876,-3.6869
4/30/2012,0.001257,0.000992,0.001768,-0.0085,-0.47687,-8.8725,-8.7227
3/31/2012,0.000902,0.00063,0.001754,0.0311,-0.24564,-7.3202,-5.6014
2/29/2012,0.001462,0.001552,0.002176,0.0442,-0.4483,-9.3189,-9.5706
1/31/2012,0.001868,0.001649,0.002471,0.0505,0.44453,4.4171,3.0533
12/31/2011,0.003139,0.002831,0.003763,0.0074,0.20251,3.0586,-5.5088
11/30/2011,0.005995,0.004047,0.005391,-0.0028,-0.29533,-2.5977,-2.8331
10/31/2011,0.00558,0.004724,0.005235,0.1135,-0.16507,-1.285,-1.5627
9/30/2011,0.007494,0.01182,0.006389,-0.0759,-0.5905,-4.4642,-4.4746
8/31/2011,0.006289,0.002936,0.002359,-0.0599,-0.00973,-0.0353,0.0096
7/31/2011,0.001894,0.004069,0.0019,-0.0236,-0.39286,-7.1542,-7.292
6/30/2011,0.002123,0.001139,0.002021,-0.0175,-0.40847,-6.4238,-8.0116
5/31/2011,0.001581,0.001116,0.001451,-0.0127,-0.51386,-9.4084,-9.5268
4/30/2011,0.000997,0.000936,0.001576,0.029,-0.40785,-6.8541,-4.7988
3/31/2011,0.002178,0.001225,0.002528,0.0045,-0.64545,-5.8764,-6.4948
2/28/2011,0.001277,0.001449,0.001721,0.0349,-0.71016,-12.9302,-11.9905
1/31/2011,0.001218,0.001874,0.001829,0.0199,-0.64311,-15.4199,-14.1862
12/31/2010,0.001183,0.001352,0.002304,0.0682,-0.06772,-1.7796,-12.3862
11/30/2010,0.001872,0.003145,0.002362,0.006,-0.38996,-6.8008,-7.1849
10/31/2010,0.001847,0.002233,0.002467,0.0388,-0.5072,-7.6851,-7.954
9/30/2010,0.00254,0.003041,0.003088,0.0954,0.09293,1.2262,-2.7138
8/31/2010,0.003403,0.003871,0.003738,-0.0477,-0.20634,-2.7267,-4.3977
7/31/2010,0.003635,0.002813,0.003316,0.0693,-0.21305,-3.0946,-2.7147
6/30/2010,0.005763,0.008011,0.005126,-0.0556,-0.43571,-5.1308,-8.3433
5/31/2010,0.005924,0.006474,0.001164,-0.0789,-0.30733,-0.4296,-0.5178
4/30/2010,0.000984,0.002095,0.001587,0.02,-0.84047,-10.2508,-10.4179
3/31/2010,0.001465,0.001387,0.00219,0.0631,-0.55257,-11.9145,-12.0106
2/28/2010,0.002735,0.001802,0.002287,0.034,-0.26588,-2.4564,-6.0275
1/31/2010,0.002839,0.003638,0.002095,-0.0336,-0.62301,-9.542,-9.9075
12/31/2009,0.002379,0.003192,0.003112,0.0275,-0.11656,-1.3468,0.3867
11/30/2009,0.002549,0.002814,0.003002,0.0556,-0.51641,-5.8361,-5.8958
10/31/2009,0.002881,0.006196,0.003292,-0.0259,-0.66096,-7.8457,-7.706
9/30/2009,0.001389,0.002737,0.003607,0.0408,-0.72399,-8.5887,-8.5602
8/31/2009,0.000107,0.000823,0.003748,0.0333,-0.06502,-1.3402,-2.8592
7/31/2009,0.000264,0.000061,0.003833,0.0772,-0.31617,-6.6393,-6.8686
6/30/2009,0.001141,0.000256,0.004984,0.0043,-0.18446,-2.8122,-3.3897
5/31/2009,0.002064,0.000091,0.004658,0.0521,0.02941,0.4447,0.4418
4/30/2009,0.004857,0.00445,0.007525,0.1019,-0.25437,-4.4884,-4.4402
3/31/2009,0.007418,0.007602,0.008008,0.0895,0.01561,0.1478,0.6823
2/28/2009,0.008968,0.008858,0.007913,-0.101,-0.39624,-2.855,-2.6784
1/31/2009,0.009341,0.008541,0.00835,-0.0812,-0.11425,-0.8421,-0.9144
12/31/2008,0.010496,0.005978,0.013334,0.0174,0.32498,1.9829,2.1876
11/30/2008,0.01185,0.005893,0.009304,-0.0786,-0.06418,-0.1463,-0.2785
10/31/2008,0.006625,0.000184,-0.005528,-0.1723,-0.32055,-0.2883,-0.029
9/30/2008,-0.002575,-0.006008,-0.001793,-0.0924,-0.47333,-1.4122,-2.1353
8/31/2008,0.001039,0.001235,0.002008,0.0153,-0.11965,-3.6882,-3.7076
7/31/2008,0.002456,0.0021,0.001821,-0.0077,0.02706,0.2385,-0.5954
6/30/2008,0.001782,0.002362,0.002164,-0.0844,-0.39148,-7.3786,-6.8435
5/31/2008,0.000773,0.000511,0.001704,0.0186,-0.43064,-7.5908,-7.3616
4/30/2008,0.001836,0.001748,0.002634,0.046,0.24365,4.8001,4.0859
3/31/2008,0.003522,0.003145,0.001904,-0.0093,-0.07697,-0.6398,-0.6812
2/29/2008,0.002494,0.003619,0.002493,-0.0309,-0.0259,-0.201,-0.9569
1/31/2008,0.002751,0.002277,0.000034,-0.0636,-0.23954,-0.7722,-0.7216
12/31/2007,0.002268,0.002829,0.002201,-0.0087,-0.27725,-2.2888,-1.6495
11/30/2007,0.003587,0.002749,0.002418,-0.0483,-0.27958,-2.8792,-2.702
10/31/2007,0.001987,0.001554,0.002105,0.018,-0.36571,-4.167,-4.9439
9/30/2007,0.003294,0.001981,0.002745,0.0322,0.36111,3.3886,-2.2043
8/31/2007,0.00322,0.003803,0.001957,0.0092,-0.11341,-0.5913,-0.6998
7/31/2007,0.001489,0.0026,0.001197,-0.0373,-0.64211,-5.6698,-5.8788
6/30/2007,0.001247,0.00147,0.000942,-0.0196,-0.5216,-10.8388,-9.2017
5/31/2007,0.000926,0.000835,0.001036,0.0324,-0.53364,-12.7903,-12.4617
4/30/2007,0.000821,0.001155,0.000972,0.0349,-0.2069,-5.6091,-2.3207
3/31/2007,0.001182,0.001076,0.00081,0.0068,-0.19498,-1.8649,-2.0698
2/28/2007,0.000512,0.000942,0.00036,-0.0196,-0.8361,-6.6703,-6.0966
1/31/2007,0.000485,0.000337,0.000457,0.014,-0.26513,-4.7147,-5.132
12/31/2006,0.000494,0.000652,0.000581,0.0087,-0.25982,-3.9009,-3.6032
11/30/2006,0.000492,0.000486,0.000532,0.0171,-0.12345,-3.3762,-2.2497
10/31/2006,0.000583,0.000549,0.000712,0.0323,-0.25329,-7.0242,-7.2378
9/30/2006,0.000714,0.00067,0.000797,0.0184,-0.07557,-2.6809,-0.869
8/31/2006,0.000884,0.000738,0.001039,0.0203,-0.13898,-2.1656,-3.8844
7/31/2006,0.00126,0.001143,0.001037,-0.0078,-0.09568,-2.2034,-2.192
6/30/2006,0.001594,0.000572,0.001275,-0.0035,-0.08949,-1.1652,-1.111
5/31/2006,0.001068,0.001494,0.000907,-0.0357,-0.35228,-4.0559,-4.7752
4/30/2006,0.000556,0.000339,0.000445,0.0073,0.18511,2.27,0.1881
3/31/2006,0.000581,0.000468,0.000705,0.0146,-0.42794,-11.8531,-12.5559
2/28/2006,0.000733,0.000788,0.000682,-0.003,-0.47344,-12.7374,-12.377
1/31/2006,0.000613,0.000817,0.000628,0.0304,-0.01824,-0.3887,-5.8173
12/31/2005,0.000486,0.000721,0.00065,-0.0025,-0.25486,-7.3207,-8.979
11/30/2005,0.000782,0.000687,0.00078,0.0361,-0.10409,-2.6665,-2.7354
10/31/2005,0.001192,0.001429,0.000787,-0.0202,-0.24854,-5.7668,-6.2988
9/30/2005,0.000742,0.000518,0.000787,0.0049,0.09542,2.0798,0.6395
8/31/2005,0.000856,0.000708,0.000967,-0.0122,0.0683,1.9856,-1.5238
7/31/2005,0.000426,0.000614,0.000467,0.0392,-0.16887,-2.9712,-2.9141
6/30/2005,0.000599,0.000653,0.000706,0.0057,0.02323,0.4698,-5.2531
5/31/2005,0.001108,0.001061,0.000917,0.0365,-0.56497,-9.7108,-10.4422
4/30/2005,0.001044,0.00125,0.000775,-0.0261,-0.38758,-8.9128,-8.8079
3/31/2005,0.000792,0.000997,0.000859,-0.0197,-0.53008,-18.0332,-17.7911
2/28/2005,0.000526,0.000569,0.000628,0.0189,-0.28287,-10.2708,-18.6016
1/31/2005,0.000833,0.000722,0.000758,-0.0276,-0.52675,-12.1386,-15.3096
12/31/2004,0.000626,0.000891,0.000866,0.0343,-0.42309,-12.1119,-11.9714
11/30/2004,0.000882,0.000761,0.000956,0.0454,0.03741,0.6948,0.8015
10/31/2004,0.001163,0.001505,0.001219,0.0143,0.08711,3.3033,2.799
9/30/2004,0.000956,0.000793,0.001175,0.016,-0.09351,-2.5647,-3.665
8/31/2004,0.001628,0.001322,0.001743,0.0008,-0.36828,-10.6185,-7.3396
7/31/2004,0.001253,0.001138,0.001177,-0.0406,-0.32144,-6.4341,-7.4353
6/30/2004,0.001223,0.001053,0.001479,0.0186,0.31227,10.2647,10.9413
5/31/2004,0.001648,0.000974,0.00133,0.0117,-0.49032,-6.1012,-6.4651
4/30/2004,0.001188,0.001578,0.001155,-0.0183,-0.23907,-4.3903,-5.7355
3/31/2004,0.001855,0.001403,0.001784,-0.0132,-0.59211,-10.2111,-9.9937
2/29/2004,0.001367,0.001025,0.001278,0.014,-0.0257,-0.4631,-0.4685
1/31/2004,0.001619,0.001542,0.001345,0.0215,-0.59176,-10.7195,-11.6361
12/31/2003,0.001714,0.002334,0.001916,0.0429,-0.34543,-11.6325,-9.3798
11/30/2003,0.001666,0.001414,0.001602,0.0135,-0.47478,-10.5007,-13.2772
10/31/2003,0.001544,0.001036,0.001973,0.0608,-0.33273,-6.3694,-5.8414
9/30/2003,0.002019,0.003065,0.002192,-0.0124,-0.45273,-12.1751,-12.2268
8/31/2003,0.001471,0.001531,0.001936,0.0234,0.0949,1.04,1.1863
7/31/2003,0.001029,0.001353,0.001479,0.0235,-0.11508,-1.5031,-0.6579
6/30/2003,0.000937,0.000913,0.00195,0.0142,-0.29883,-6.1888,-7.9485
5/31/2003,0.000592,0.000335,0.001856,0.0605,-0.06634,-1.6202,-1.523
4/30/2003,0.001952,0.000874,0.002862,0.0822,-0.38873,-5.3294,-5.3929
3/31/2003,0.004572,0.004224,0.004768,0.0109,0.2871,3.3371,3.3454
2/28/2003,0.005632,0.004228,0.005392,-0.0188,0.25478,2.9372,3.2569
1/31/2003,0.003584,0.004939,0.004051,-0.0257,0.07142,1.1195,0.3179
12/31/2002,0.004021,0.004442,0.004554,-0.0576,0.01548,0.1572,1.3062
11/30/2002,0.003487,0.003684,0.003591,0.0596,0.10177,0.8034,0.3859
10/31/2002,0.005639,0.004368,0.004451,0.0784,-0.12837,-1.1398,-1.069
9/30/2002,0.008429,0.009276,0.006959,-0.1035,-0.48839,-5.1591,-4.8963
8/31/2002,0.005545,0.005222,0.004739,0.005,0.13336,1.5076,1.5377
7/31/2002,0.003499,0.001423,0.000103,-0.0818,-0.27765,-1.1454,-1.3158
6/30/2002,0.002242,0.000312,0.00162,-0.0721,-0.04625,-0.2508,0.2561
5/31/2002,0.001551,0.001424,0.001938,-0.0138,0.32776,10.654,9.0128
4/30/2002,0.001649,0.002279,0.00205,-0.052,-0.04929,-0.8648,-0.8508
3/31/2002,0.0013,0.000883,0.001682,0.0424,-0.17759,-5.2024,-5.985
2/28/2002,0.002168,0.001746,0.002114,-0.0229,-0.34882,-5.0056,-5.6099
1/31/2002,0.002115,0.000992,0.002712,-0.0144,-0.02769,-0.2828,-3.5237
12/31/2001,0.002683,0.00303,0.003422,0.0161,-0.11452,-2.8331,-1.7782
11/30/2001,0.003682,0.002575,0.003957,0.0754,-0.18116,-1.3805,-1.4146
10/31/2001,0.006754,0.006939,0.00652,0.0246,-0.1073,-1.0348,-0.4836
9/30/2001,0.006902,0.005023,0.003252,-0.0925,-0.55709,-2.3104,-2.5161
8/31/2001,0.00164,0.002489,0.002758,-0.0646,-0.11862,-1.8576,-1.9364
7/31/2001,0.002078,0.001693,0.002708,-0.0213,-0.41727,-7.5841,-8.1378
6/30/2001,0.001596,0.000839,0.002111,-0.0194,0.04345,0.8303,0.6156
5/31/2001,0.002327,0.002357,0.002885,0.0072,0.26119,5.0426,4.6431
4/30/2001,0.00394,0.003352,0.003011,0.0794,-0.08844,-0.9523,-2.2388
3/31/2001,0.003594,0.003779,0.002174,-0.0726,-0.54444,-3.1203,-3.2516
2/28/2001,0.002115,0.003748,0.001974,-0.1005,-0.28513,-1.8187,-0.5028
1/31/2001,0.002247,0.001365,0.002025,0.0313,0.52841,2.064,1.5854
12/31/2000,0.002967,0.003221,0.002779,0.0119,-0.54838,-6.6905,-6.6779
11/30/2000,0.002963,0.004553,0.002715,-0.1072,-0.38426,-3.1923,-2.6234
10/31/2000,0.002607,0.001494,0.001484,-0.0276,-0.61271,-3.4311,-4.4453
9/30/2000,0.001492,0.001508,0.001573,-0.0545,-0.18057,-3.7147,-3.1213
8/31/2000,0.001021,0.000807,0.002018,0.0703,0.18889,3.9412,4.9594
7/31/2000,0.001573,0.001789,0.001854,-0.0251,-0.46419,-8.5803,-8.4912
6/30/2000,0.001564,0.001267,0.002491,0.0464,-0.1528,-2.8341,-2.9783
5/31/2000,0.002592,0.001986,0.002764,-0.0442,-0.11306,-0.9982,-0.8152
4/30/2000,0.002021,0.00097,-0.000491,-0.064,-0.56178,-1.8768,-2.2729
3/31/2000,0.00092,0.001368,0.001208,0.052,-0.27584,-2.8504,-3.6573
2/29/2000,0.002373,0.001671,0.001698,0.0245,-0.17142,-1.5637,-1.1786
1/31/2000,0.002554,0.002833,0.001629,-0.0474,-0.46604,-5.5599,-5.0686
12/31/1999,0.002397,0.003497,0.003057,0.0772,0.04923,0.6506,-6.2505
11/30/1999,0.002341,0.003263,0.002632,0.0337,0.20026,2.5107,1.7824
10/31/1999,0.003064,0.002355,0.00255,0.0613,-0.45995,-4.6823,-4.6292
9/30/1999,0.003351,0.003554,0.003022,-0.0281,-0.46117,-3.4692,-3.3616
8/31/1999,0.003264,0.003473,0.003452,-0.0138,-0.22736,-2.2968,-1.7941
7/31/1999,0.0019,0.003247,0.002638,-0.0347,-0.18399,-1.6448,-1.3392
6/30/1999,0.002621,0.001826,0.00335,0.0477,0.07107,0.7729,-0.9986
5/31/1999,0.003427,0.002872,0.003218,-0.0246,-0.28212,-2.4358,-1.6656
4/30/1999,0.002459,0.003121,0.002485,0.0433,-0.68615,-7.169,-7.157
3/31/1999,0.003177,0.002505,0.003952,0.0345,-0.46557,-7.3113,-5.6284
2/28/1999,0.004685,0.003732,0.003805,-0.0408,-0.41807,-4.7325,-4.2596
1/31/1999,0.004726,0.003688,0.003817,0.035,-0.44017,-3.7106,-3.6475
12/31/1998,0.003863,0.003445,0.004112,0.0616,-0.40138,-6.2996,-4.4492
11/30/1998,0.004055,0.004413,0.004334,0.061,-0.22698,-2.6957,-6.871
10/31/1998,0.007885,0.003843,0.007029,0.0713,-0.35494,-1.8721,-2.211
9/30/1998,0.007121,0.009546,0.005837,0.0615,-0.15798,-0.6827,-0.9918
8/31/1998,0.005911,0.012664,0.00389,-0.1608,-0.88307,-5.3177,-5.1489
7/31/1998,0.001843,0.003261,0.002256,-0.0246,-0.58704,-6.326,-6.2703
6/30/1998,0.002619,0.00194,0.002761,0.0318,-0.08462,-1.2199,-0.6987
5/31/1998,0.002381,0.002497,0.002556,-0.0307,-0.13143,-1.5231,-1.6331
4/30/1998,0.002803,0.002449,0.003123,0.0073,-0.66786,-10.9276,-10.681
3/31/1998,0.002091,0.00367,0.002822,0.0476,-0.29521,-3.7923,-3.7673
2/28/1998,0.001984,0.001464,0.002306,0.0704,0.0192,0.2595,6.6197
1/31/1998,0.003416,0.002527,0.003066,0.0015,-0.42756,-3.5068,-4.1479
12/31/1997,0.004484,0.003505,0.004763,0.0132,-0.24389,-2.5194,-2.6163
11/30/1997,0.007535,0.005145,0.006295,0.0298,-0.59182,-4.4628,-4.1805
10/31/1997,0.003589,0.008697,0.001931,-0.038,0.01368,0.0545,-2.2558
9/30/1997,0.003167,0.003136,0.003439,0.0535,-0.06927,-0.9929,0.0803
8/31/1997,0.003159,0.003469,0.002233,-0.0415,-0.37653,-2.215,-2.2552
7/31/1997,0.002475,0.002819,0.002366,0.0733,-0.60959,-7.2348,-7.3448
6/30/1997,0.002506,0.00295,0.002345,0.041,-0.4214,-5.6839,-5.0713
5/31/1997,0.002403,0.002179,0.002018,0.0674,0.13506,1.7201,1.8893
4/30/1997,0.002281,0.002421,0.001971,0.0404,-0.43418,-6.3418,-4.7343
3/31/1997,0.002621,0.003232,0.00204,-0.0502,-0.66568,-7.4621,-7.4265
2/28/1997,0.002684,0.002989,0.002096,-0.0049,-0.36997,-4.261,-4.7153
1/31/1997,0.002499,0.002889,0.001948,0.0498,-0.60352,-6.0101,-6.0325
12/31/1996,0.002423,0.00314,0.001975,-0.017,-0.48696,-3.9143,-2.9896
11/30/1996,0.001488,0.001756,0.001559,0.0625,-0.08416,-1.0318,0.4424
10/31/1996,0.001662,0.00213,0.001994,0.0086,-0.2174,-4.2825,-4.3141
9/30/1996,0.00173,0.001822,0.001656,0.0501,-0.05294,-0.5466,-0.573
8/31/1996,0.001533,0.00187,0.001733,0.0277,0.20771,4.625,-11.8413
7/31/1996,0.002075,0.002559,0.001105,-0.0597,-0.40842,-1.8869,-3.1565
6/30/1996,0.001675,0.000921,0.001624,-0.0114,-0.10159,-0.769,-0.5897
5/31/1996,0.001661,0.001574,0.00156,0.0236,-0.18913,-3.0997,-3.0137
4/30/1996,0.001766,0.001601,0.00167,0.0206,-0.72008,-6.5142,-6.4514
3/31/1996,0.001888,0.00233,0.001631,0.0073,-0.78003,-6.5747,-6.6308
2/29/1996,0.001376,0.001781,0.000965,0.0133,-0.41597,-7.387,-7.4198
1/31/1996,0.001069,0.000684,0.00092,0.0226,-0.51126,-9.0075,-6.7546
12/31/1995,0.000819,0.000972,0.000716,0.0103,-0.51407,-11.2406,-7.7907
11/30/1995,0.000996,0.000807,0.001033,0.0396,0.23814,10.2627,10.4174
10/31/1995,0.001421,0.001284,0.001386,-0.0152,-0.48358,-9.3425,-10.2676
9/30/1995,0.000899,0.001031,0.000878,0.0335,-0.49025,-10.178,-9.7719
8/31/1995,0.001033,0.000778,0.00115,0.0055,-0.48659,-7.455,-6.1399
7/31/1995,0.000949,0.00117,0.000753,0.0372,-0.60319,-7.1212,-6.3221
6/30/1995,0.000831,0.000715,0.00079,0.0272,0.03324,0.5325,0.4176
5/31/1995,0.000942,0.001037,0.000872,0.029,-0.20225,-5.3426,-4.4679
4/30/1995,0.000957,0.000861,0.000732,0.0211,-0.4539,-1.854,-1.961
3/31/1995,0.000929,0.001189,0.000975,0.0219,-0.24619,-3.7686,-3.0057
2/28/1995,0.000767,0.000827,0.000785,0.0363,0.13427,4.65,-3.903
1/31/1995,0.000917,0.000854,0.000992,0.018,0.20983,4.2191,4.2657
12/31/1994,0.00131,0.001116,0.001298,0.0086,-0.11137,-3.6859,-6.3635
11/30/1994,0.001867,0.001713,0.001588,-0.0404,-0.37422,-2.8043,-3.456
10/31/1994,0.001608,0.001387,0.001465,0.0134,0.11338,2.1534,0.977
9/30/1994,0.001171,0.001402,0.001123,-0.0231,-0.33594,-6.0546,-4.8063
8/31/1994,0.00091,0.000923,0.001017,0.0401,0.0953,1.3429,-0.0255
7/31/1994,0.001003,0.000754,0.001013,0.0282,0.0099,0.3153,-10.1908
6/30/1994,0.001235,0.001606,0.0012,-0.0303,-0.53577,-14.3593,-12.7828
5/31/1994,0.001262,0.001111,0.001221,0.0058,0.00512,0.1187,0.043
4/30/1994,0.001774,0.00103,0.00133,0.0068,-0.52798,-5.3967,-10.5001
3/31/1994,0.001568,0.003107,0.001377,-0.0478,-0.38752,-3.0043,-4.1706
2/28/1994,0.00131,0.001499,0.001014,-0.0255,-0.76034,-17.0567,-15.2835
1/31/1994,0.000863,0.000714,0.000872,0.0287,-0.08257,-5.2193,-15.2586
12/31/1993,0.00085,0.000953,0.000969,0.0165,-0.04958,-1.7779,-2.3567
11/30/1993,0.001423,0.001297,0.001314,-0.0189,-0.42281,-9.9738,-8.6566
10/31/1993,0.000914,0.000844,0.000948,0.0141,0.18445,4.1959,2.4587
9/30/1993,0.001125,0.001135,0.001067,-0.0012,-0.09448,-1.8054,-1.1099
8/31/1993,0.000896,0.000882,0.001034,0.0371,0.05366,1.6275,1.0703
7/31/1993,0.000791,0.00084,0.000838,-0.0034,-0.03545,-1.3269,-7.1245
6/30/1993,0.000995,0.000727,0.001088,0.0031,-0.0928,-3.9677,-4.9602
5/31/1993,0.001212,0.001174,0.00106,0.0289,0.02355,0.4672,11.3162
4/30/1993,0.001045,0.000953,0.000921,-0.0305,-0.53873,-10.1103,-7.1389
3/31/1993,0.001237,0.000964,0.001221,0.023,-0.11143,-2.5934,-2.4357
2/28/1993,0.001214,0.001109,0.000939,0.0012,-0.42809,-5.5983,-5.8965
1/31/1993,0.000943,0.000933,0.000894,0.0093,-0.19604,-3.8668,-2.1992
12/31/1992,0.000934,0.000993,0.001016,0.0153,-0.01922,-0.4994,-1.1851
11/30/1992,0.001406,0.001101,0.001384,0.0413,-0.23817,-6.5374,-6.7254
10/31/1992,0.002194,0.001752,0.002046,0.0102,-0.34331,-2.999,-3.0237
9/30/1992,0.00121,0.001338,0.001276,0.0119,-0.09555,-2.8412,-4.0106
8/31/1992,0.001367,0.001172,0.00141,-0.0238,-0.52398,-7.6135,-7.9294
7/31/1992,0.001107,0.001013,0.001168,0.0377,-0.30659,-5.5521,-5.7868
6/30/1992,0.001505,0.001033,0.001616,-0.0234,-0.23519,-6.6875,-0.7387
5/31/1992,0.001431,0.001128,0.001459,0.003,-0.50324,-13.6005,-13.4856
4/30/1992,0.001817,0.001522,0.001701,0.0107,-0.16729,-4.1978,-6.3126
3/31/1992,0.002096,0.001704,0.002272,-0.0266,-0.4154,-13.572,-11.0482
2/29/1992,0.002026,0.001802,0.001814,0.0109,-0.49992,-10.6067,-11.113
1/31/1992,0.002001,0.001926,0.001957,-0.0059,-0.09877,-1.4361,-1.5602
12/31/1991,0.002107,0.002523,0.002087,0.1084,0.22491,3.4588,3.1232
11/30/1991,0.00216,0.002809,0.001708,-0.0419,-0.4317,-5.1918,-2.0044
10/31/1991,0.001741,0.001511,0.001977,0.0129,0.05806,1.5401,0.4553
9/30/1991,0.001792,0.001563,0.001835,-0.0159,-0.44789,-6.5096,-6.1312
8/31/1991,0.001491,0.001016,0.001421,0.0232,-0.21662,-2.8402,-7.0472
7/31/1991,0.001772,0.00126,0.002065,0.0424,0.16588,2.9884,-3.0048
6/30/1991,0.001683,0.002472,0.001833,-0.0494,-0.38411,-11.277,-7.4553
5/31/1991,0.00153,0.001288,0.00188,0.0365,-0.29001,-5.9297,-6.2807
4/30/1991,0.001616,0.001872,0.001754,-0.0028,-0.22113,-3.6801,-3.8385
3/31/1991,0.001606,0.001421,0.00163,0.0265,-0.19381,-2.6517,-2.9509
2/28/1991,0.002886,0.002716,0.002267,0.0719,-0.21464,-2.7217,-3.2987
1/31/1991,0.00559,0.002618,0.005313,0.0469,0.00379,0.0252,-0.9385
12/31/1990,0.003707,0.00514,0.003618,0.0246,0.37341,3.2029,3.4527
11/30/1990,0.004423,0.003246,0.004262,0.0635,0.12876,2.0453,3.1226
10/31/1990,0.006358,0.006712,0.005844,-0.0192,-0.03664,-0.3854,-0.3694
9/30/1990,0.006283,0.00616,0.005205,-0.0612,-0.09448,-1.1434,-1.6539
8/31/1990,0.005952,0.006629,0.005207,-0.1015,-0.49557,-5.7057,-5.1422
7/31/1990,0.002073,0.003005,0.001912,-0.019,-0.62632,-3.4649,-3.4703
6/30/1990,0.001673,0.001218,0.001718,-0.0109,-0.23263,-4.65,-3.7331
5/31/1990,0.002105,0.001887,0.002308,0.0842,0.41004,8.3625,8.1323
4/30/1990,0.003275,0.002545,0.003141,-0.0336,-0.33917,-11.2872,-13.6798
3/31/1990,0.002839,0.002684,0.00299,0.0183,-0.31034,-7.2433,-4.823
2/28/1990,0.004137,0.003511,0.003408,0.0111,-0.59951,-9.5572,-11.0277
1/31/1990,0.00402,0.004578,0.003185,-0.0785,-0.3405,-3.2262,-3.6611
